<?xml version="1.0" encoding="UTF-8"?>
<projectDescription>
	<name>STM32F051</name>
	<comment></comment>
	<projects>
	</projects>
	<buildSpec>
		<buildCommand>
			<name>org.eclipse.cdt.managedbuilder.core.genmakebuilder</name>
			<triggers>clean,full,incremental,</triggers>
			<arguments>
				<dictionary>
					<key>?children?</key>
					<value>?name?=outputEntries\|?children?=?name?=entry\\\\\\\|\\\|\||</value>
				</dictionary>
				<dictionary>
					<key>?name?</key>
					<value></value>
				</dictionary>
				<dictionary>
					<key>org.eclipse.cdt.make.core.append_environment</key>
					<value>true</value>
				</dictionary>
				<dictionary>
					<key>org.eclipse.cdt.make.core.buildArguments</key>
					<value></value>
				</dictionary>
				<dictionary>
					<key>org.eclipse.cdt.make.core.buildCommand</key>
					<value>make</value>
				</dictionary>
				<dictionary>
					<key>org.eclipse.cdt.make.core.buildLocation</key>
					<value>${workspace_loc:/STM32100B-EVAL/Debug}</value>
				</dictionary>
				<dictionary>
					<key>org.eclipse.cdt.make.core.contents</key>
					<value>org.eclipse.cdt.make.core.activeConfigSettings</value>
				</dictionary>
				<dictionary>
					<key>org.eclipse.cdt.make.core.enableAutoBuild</key>
					<value>false</value>
				</dictionary>
				<dictionary>
					<key>org.eclipse.cdt.make.core.enableCleanBuild</key>
					<value>true</value>
				</dictionary>
				<dictionary>
					<key>org.eclipse.cdt.make.core.enableFullBuild</key>
					<value>true</value>
				</dictionary>
				<dictionary>
					<key>org.eclipse.cdt.make.core.stopOnError</key>
					<value>true</value>
				</dictionary>
				<dictionary>
					<key>org.eclipse.cdt.make.core.useDefaultBuildCmd</key>
					<value>true</value>
				</dictionary>
			</arguments>
		</buildCommand>
		<buildCommand>
			<name>org.eclipse.cdt.managedbuilder.core.ScannerConfigBuilder</name>
			<arguments>
			</arguments>
		</buildCommand>
	</buildSpec>
	<natures>
		<nature>org.eclipse.cdt.core.cnature</nature>
		<nature>org.eclipse.cdt.managedbuilder.core.managedBuildNature</nature>
		<nature>org.eclipse.cdt.managedbuilder.core.ScannerConfigNature</nature>
	</natures>
	<linkedResources>
		<link>
			<name>CMSIS</name>
			<type>2</type>
			<locationURI>virtual:/virtual</locationURI>
		</link>
		<link>
			<name>StdPeriph_Driver</name>
			<type>2</type>
			<locationURI>virtual:/virtual</locationURI>
		</link>
		<link>
			<name>User</name>
			<type>2</type>
			<locationURI>virtual:/virtual</locationURI>
		</link>
		<link>
			<name>CMSIS/startup_stm32f030.s</name>
			<type>1</type>
			<locationURI>PARENT-4-PROJECT_LOC/Libraries/CMSIS/Device/ST/STM32F0xx/Source/Templates/TrueSTUDIO/startup_stm32f030.s</locationURI>
		</link>
		<link>
			<name>CMSIS/startup_stm32f031.s</name>
			<type>1</type>
			<locationURI>PARENT-4-PROJECT_LOC/Libraries/CMSIS/Device/ST/STM32F0xx/Source/Templates/TrueSTUDIO/startup_stm32f031.s</locationURI>
		</link>
		<link>
			<name>CMSIS/startup_stm32f042.s</name>
			<type>1</type>
			<locationURI>PARENT-4-PROJECT_LOC/Libraries/CMSIS/Device/ST/STM32F0xx/Source/Templates/TrueSTUDIO/startup_stm32f042.s</locationURI>
		</link>
		<link>
			<name>CMSIS/startup_stm32f051.s</name>
			<type>1</type>
			<locationURI>PARENT-4-PROJECT_LOC/Libraries/CMSIS/Device/ST/STM32F0xx/Source/Templates/TrueSTUDIO/startup_stm32f051.s</locationURI>
		</link>
		<link>
			<name>CMSIS/startup_stm32f072.s</name>
			<type>1</type>
			<locationURI>PARENT-4-PROJECT_LOC/Libraries/CMSIS/Device/ST/STM32F0xx/Source/Templates/TrueSTUDIO/startup_stm32f072.s</locationURI>
		</link>
		<link>
			<name>CMSIS/system_stm32f0xx.c</name>
			<type>1</type>
			<locationURI>PARENT-2-PROJECT_LOC/system_stm32f0xx.c</locationURI>
		</link>
		<link>
			<name>StdPeriph_Driver/stm32f0xx_adc.c</name>
			<type>1</type>
			<locationURI>PARENT-4-PROJECT_LOC/Libraries/STM32F0xx_StdPeriph_Driver/src/stm32f0xx_adc.c</locationURI>
		</link>
		<link>
			<name>StdPeriph_Driver/stm32f0xx_can.c</name>
			<type>1</type>
			<locationURI>PARENT-4-PROJECT_LOC/Libraries/STM32F0xx_StdPeriph_Driver/src/stm32f0xx_can.c</locationURI>
		</link>
		<link>
			<name>StdPeriph_Driver/stm32f0xx_cec.c</name>
			<type>1</type>
			<locationURI>PARENT-4-PROJECT_LOC/Libraries/STM32F0xx_StdPeriph_Driver/src/stm32f0xx_cec.c</locationURI>
		</link>
		<link>
			<name>StdPeriph_Driver/stm32f0xx_comp.c</name>
			<type>1</type>
			<locationURI>PARENT-4-PROJECT_LOC/Libraries/STM32F0xx_StdPeriph_Driver/src/stm32f0xx_comp.c</locationURI>
		</link>
		<link>
			<name>StdPeriph_Driver/stm32f0xx_crc.c</name>
			<type>1</type>
			<locationURI>PARENT-4-PROJECT_LOC/Libraries/STM32F0xx_StdPeriph_Driver/src/stm32f0xx_crc.c</locationURI>
		</link>
		<link>
			<name>StdPeriph_Driver/stm32f0xx_crs.c</name>
			<type>1</type>
			<locationURI>PARENT-4-PROJECT_LOC/Libraries/STM32F0xx_StdPeriph_Driver/src/stm32f0xx_crs.c</locationURI>
		</link>
		<link>
			<name>StdPeriph_Driver/stm32f0xx_dac.c</name>
			<type>1</type>
			<locationURI>PARENT-4-PROJECT_LOC/Libraries/STM32F0xx_StdPeriph_Driver/src/stm32f0xx_dac.c</locationURI>
		</link>
		<link>
			<name>StdPeriph_Driver/stm32f0xx_dbgmcu.c</name>
			<type>1</type>
			<locationURI>PARENT-4-PROJECT_LOC/Libraries/STM32F0xx_StdPeriph_Driver/src/stm32f0xx_dbgmcu.c</locationURI>
		</link>
		<link>
			<name>StdPeriph_Driver/stm32f0xx_dma.c</name>
			<type>1</type>
			<locationURI>PARENT-4-PROJECT_LOC/Libraries/STM32F0xx_StdPeriph_Driver/src/stm32f0xx_dma.c</locationURI>
		</link>
		<link>
			<name>StdPeriph_Driver/stm32f0xx_exti.c</name>
			<type>1</type>
			<locationURI>PARENT-4-PROJECT_LOC/Libraries/STM32F0xx_StdPeriph_Driver/src/stm32f0xx_exti.c</locationURI>
		</link>
		<link>
			<name>StdPeriph_Driver/stm32f0xx_flash.c</name>
			<type>1</type>
			<locationURI>PARENT-4-PROJECT_LOC/Libraries/STM32F0xx_StdPeriph_Driver/src/stm32f0xx_flash.c</locationURI>
		</link>
		<link>
			<name>StdPeriph_Driver/stm32f0xx_gpio.c</name>
			<type>1</type>
			<locationURI>PARENT-4-PROJECT_LOC/Libraries/STM32F0xx_StdPeriph_Driver/src/stm32f0xx_gpio.c</locationURI>
		</link>
		<link>
			<name>StdPeriph_Driver/stm32f0xx_i2c.c</name>
			<type>1</type>
			<locationURI>PARENT-4-PROJECT_LOC/Libraries/STM32F0xx_StdPeriph_Driver/src/stm32f0xx_i2c.c</locationURI>
		</link>
		<link>
			<name>StdPeriph_Driver/stm32f0xx_iwdg.c</name>
			<type>1</type>
			<locationURI>PARENT-4-PROJECT_LOC/Libraries/STM32F0xx_StdPeriph_Driver/src/stm32f0xx_iwdg.c</locationURI>
		</link>
		<link>
			<name>StdPeriph_Driver/stm32f0xx_misc.c</name>
			<type>1</type>
			<locationURI>PARENT-4-PROJECT_LOC/Libraries/STM32F0xx_StdPeriph_Driver/src/stm32f0xx_misc.c</locationURI>
		</link>
		<link>
			<name>StdPeriph_Driver/stm32f0xx_pwr.c</name>
			<type>1</type>
			<locationURI>PARENT-4-PROJECT_LOC/Libraries/STM32F0xx_StdPeriph_Driver/src/stm32f0xx_pwr.c</locationURI>
		</link>
		<link>
			<name>StdPeriph_Driver/stm32f0xx_rcc.c</name>
			<type>1</type>
			<locationURI>PARENT-4-PROJECT_LOC/Libraries/STM32F0xx_StdPeriph_Driver/src/stm32f0xx_rcc.c</locationURI>
		</link>
		<link>
			<name>StdPeriph_Driver/stm32f0xx_rtc.c</name>
			<type>1</type>
			<locationURI>PARENT-4-PROJECT_LOC/Libraries/STM32F0xx_StdPeriph_Driver/src/stm32f0xx_rtc.c</locationURI>
		</link>
		<link>
			<name>StdPeriph_Driver/stm32f0xx_spi.c</name>
			<type>1</type>
			<locationURI>PARENT-4-PROJECT_LOC/Libraries/STM32F0xx_StdPeriph_Driver/src/stm32f0xx_spi.c</locationURI>
		</link>
		<link>
			<name>StdPeriph_Driver/stm32f0xx_syscfg.c</name>
			<type>1</type>
			<locationURI>PARENT-4-PROJECT_LOC/Libraries/STM32F0xx_StdPeriph_Driver/src/stm32f0xx_syscfg.c</locationURI>
		</link>
		<link>
			<name>StdPeriph_Driver/stm32f0xx_tim.c</name>
			<type>1</type>
			<locationURI>PARENT-4-PROJECT_LOC/Libraries/STM32F0xx_StdPeriph_Driver/src/stm32f0xx_tim.c</locationURI>
		</link>
		<link>
			<name>StdPeriph_Driver/stm32f0xx_usart.c</name>
			<type>1</type>
			<locationURI>PARENT-4-PROJECT_LOC/Libraries/STM32F0xx_StdPeriph_Driver/src/stm32f0xx_usart.c</locationURI>
		</link>
		<link>
			<name>StdPeriph_Driver/stm32f0xx_wwdg.c</name>
			<type>1</type>
			<locationURI>PARENT-4-PROJECT_LOC/Libraries/STM32F0xx_StdPeriph_Driver/src/stm32f0xx_wwdg.c</locationURI>
		</link>
		<link>
			<name>User/main.c</name>
			<type>1</type>
			<locationURI>PARENT-2-PROJECT_LOC/main.c</locationURI>
		</link>
		<link>
			<name>User/stm32f0xx_it.c</name>
			<type>1</type>
			<locationURI>PARENT-2-PROJECT_LOC/stm32f0xx_it.c</locationURI>
		</link>
	</linkedResources>
</projectDescription>
